"","Site","Const","Trend_0.5","p_0.5","Span_MSE","Trend_MSE","p_MSE"
"1","WR45","NO3","-3.36021548665855","0.23738689276772","1","-3.42698720920964","0.230838857088686"
"2","WR45","TN","1.24048262541976","0.39334642787948","0.9","1.37041843473185","0.350238874813526"
"3","WR45","SRP","2.16394845722334","0.390070561172274","0.775","2.3313022840199","0.358273303305667"
"4","WR45","TP","1.38771716038377","0.448966503765756","0.6","1.44810654667538","0.430574996537453"
"5","WR45","TSS","-0.899736453341404","0.706255313383724","0.35","-0.862568071369196","0.714714552652626"
"6","WR45","Cl","-0.111791544021855","0.941788445996662","0.7","-0.184871027286704","0.904381928228777"
"7","WR45","SO4","0.875259918942106","0.408214754022375","0.65","0.866170105240371","0.415580651912988"
