"","Site","Const","Opt_MSE","f05_MSE"
"1","Osage","NO3",0.189413983008504,0.190208181789829
"2","Osage","TN",0.0607731190792484,0.061146314302602
"3","Osage","SRP",0.188123084966746,0.18824631130598
"4","Osage","TP",0.200734779489329,0.200976142059943
"5","Osage","TSS",0.98400117629146,0.992615809106855
"6","Osage","Cl",0.0633720697327368,0.0635628228526989
"7","Osage","SO4",0.0815376612883993,0.0816458655551361
